config,acc,f1
full,0.8634910656378088,0.8268337134788748
no_jerk,0.7377223936786093,0.705198715297827
no_band,0.7913123771984724,0.7656331805800496
no_corr,0.842729160875904,0.8208029130672694
